date	phase	event	status	days_from_activity_start	note
2026-07-21	書類準備	独身証明書取り寄せ用の封筒を投函	完了	-13	同日にコンビニで免許証コピーを取得
2026-07-25	相談・契約	ZWEI無料相談、その場でIBJプランを契約	完了	-9	
2026-07-31	書類準備	独身証明書到着	完了	-3	2026-07-21の投函から2026-07-31に到着
2026-08-01	プロフィール準備	プロフィール写真撮影	完了	-2	撮影料金13750円
2026-08-02	登録申請	必要書類がすべて揃い、ZWEIで登録ボタンを押した	完了	-1	
2026-08-03	活動開始	ZWEI登録完了。同時にIBJシステムにも登録完了	完了	0	この日を活動開始日として扱う
2026-08-06	申し受け	初めての申し受け1件	保留	3	IBJガイダンス前のため、その時点では回答せず保留
2026-08-08	申し受け	申し受けがもう1件あり、累計2件	保留	5	IBJガイダンス前のため、その時点では回答せず保留
2026-08-08	初期ガイダンス	IBJガイダンス	予定	5	現時点では予定。完了したという情報が入力されるまでは完了扱いにしない
